"DESCRIPTION","DURATION IN MS","NAME","PARENT SUITE","START TIME","STATUS","STOP TIME","SUB SUITE","SUITE","TEST CLASS","TEST METHOD"
"получить список всех альбомов пользователя","96","Получчить список всех альбомов пользователя","tests","2026-10-01","passed","2026-10-01","","test_albums","",""
"удалить пост","89","Удалить пост","tests","2026-10-01","passed","2026-10-01","","test_posts","",""
"получить список всех фотографий альбома","87","получить список всех фотографий альбома","tests","2026-10-01","passed","2026-10-01","","test_albums","",""
"получить список всех пользователей","21","Получить список пользователей","tests","2026-10-01","passed","2026-10-01","","test_users","",""
"получить список всех альбомов пользователя","98","Получчить список всех альбомов пользователя","tests","2026-10-01","passed","2026-10-01","","test_albums","",""
"получить список всех постов пользователя","90","Получить список всех постов пользователя","tests","2026-10-01","passed","2026-10-01","","test_posts","",""
"получить пользователя по ID","19","Получить пользователя по ID","tests","2026-10-01","passed","2026-10-01","","test_users","",""
"удалить пост","92","Удалить пост","tests","2026-10-01","passed","2026-10-01","","test_posts","",""
"частично обновить пост","91","Частично обновить пост","tests","2026-10-01","passed","2026-10-01","","test_posts","",""
"получить задачу по ее ID","108","Получить задачу по айди","tests","2026-10-01","passed","2026-10-01","","test_todos","",""
"получить альбом по его ID","87","Получить альбом по айди","tests","2026-10-01","passed","2026-10-01","","test_albums","",""
"получить список всех фотографий альбома","94","получить список всех фотографий альбома","tests","2026-10-01","passed","2026-10-01","","test_albums","",""
"частично обновить пост","92","Частично обновить пост","tests","2026-10-01","passed","2026-10-01","","test_posts","",""
"удалить пост","96","Удалить пост","tests","2026-10-01","passed","2026-10-01","","test_posts","",""
"получить задачу по ее ID","96","Получить задачу по айди","tests","2026-10-01","passed","2026-10-01","","test_todos","",""
"получить пост по его ID","95","Получить пост по айди","tests","2026-10-01","passed","2026-10-01","","test_posts","",""
"получить альбом по его ID","95","Получить альбом по айди","tests","2026-10-01","passed","2026-10-01","","test_albums","",""
"получить пост по его ID","103","Получить пост по айди","tests","2026-10-01","passed","2026-10-01","","test_posts","",""
"получить фотографию по ID","106","Получить фотографию по айди","tests","2026-10-01","passed","2026-10-01","","test_photos","",""
"получить пост по его ID","108","Получить пост по айди","tests","2026-10-01","passed","2026-10-01","","test_posts","",""
"получить альбом по его ID","85","Получить альбом по айди","tests","2026-10-01","passed","2026-10-01","","test_albums","",""
"получить список всех альбомов пользователя","101","Получчить список всех альбомов пользователя","tests","2026-10-01","passed","2026-10-01","","test_albums","",""
"получить фотографию по ID","102","Получить фотографию по айди","tests","2026-10-01","passed","2026-10-01","","test_photos","",""
"удалить пост","97","Удалить пост","tests","2026-10-01","passed","2026-10-01","","test_posts","",""
"частично обновить пост","92","Частично обновить пост","tests","2026-10-01","passed","2026-10-01","","test_posts","",""
"получить пользователя по ID","23","Получить пользователя по ID","tests","2026-10-01","passed","2026-10-01","","test_users","",""
"получить фотографию по ID","98","Получить фотографию по айди","tests","2026-10-01","passed","2026-10-01","","test_photos","",""
"частично обновить пост","93","Частично обновить пост","tests","2026-10-01","passed","2026-10-01","","test_posts","",""
"получить пост по его ID","96","Получить пост по айди","tests","2026-10-01","passed","2026-10-01","","test_posts","",""
"получить пост по его ID","18","Получить пост по айди","tests","2026-10-01","passed","2026-10-01","","test_posts","",""
"получить задачу по ее ID","96","Получить задачу по айди","tests","2026-10-01","passed","2026-10-01","","test_todos","",""
"получить пользователя по ID","18","Получить пользователя по ID","tests","2026-10-01","passed","2026-10-01","","test_users","",""
"полностью обновить пост","234","Обновить пост","tests","2026-10-01","passed","2026-10-01","","test_posts","",""
"получить список всех фотографий альбома","87","получить список всех фотографий альбома","tests","2026-10-01","passed","2026-10-01","","test_albums","",""
"получить пост по его ID","99","Получить пост по айди","tests","2026-10-01","passed","2026-10-01","","test_posts","",""
"получить фотографию по ID","118","Получить фотографию по айди","tests","2026-10-01","passed","2026-10-01","","test_photos","",""
"удалить пост","89","Удалить пост","tests","2026-10-01","passed","2026-10-01","","test_posts","",""
"получить альбом по его ID","91","Получить альбом по айди","tests","2026-10-01","passed","2026-10-01","","test_albums","",""
"получить комментарии для поста","98","Получить комментарии для поста","tests","2026-10-01","passed","2026-10-01","","test_comments","",""
"получить несуществующий пользователь","80","Получить несуществующий пользователь","tests","2026-10-01","passed","2026-10-01","","test_negative","",""
"получить задачу по ее ID","121","Получить задачу по айди","tests","2026-10-01","passed","2026-10-01","","test_todos","",""
"получить комментарии для поста","87","Получить комментарии для поста","tests","2026-10-01","passed","2026-10-01","","test_comments","",""
"получить пользователя по ID","22","Получить пользователя по ID","tests","2026-10-01","passed","2026-10-01","","test_users","",""
"получить список всех альбомов пользователя","91","Получчить список всех альбомов пользователя","tests","2026-10-01","passed","2026-10-01","","test_albums","",""
"получить комментарии для поста","97","Получить комментарии для поста","tests","2026-10-01","passed","2026-10-01","","test_comments","",""
"получить альбом по его ID","12","Получить альбом по айди","tests","2026-10-01","passed","2026-10-01","","test_albums","",""
"получить список всех фотографий альбома","104","получить список всех фотографий альбома","tests","2026-10-01","passed","2026-10-01","","test_albums","",""
"получить задачу по ее ID","14","Получить задачу по айди","tests","2026-10-01","passed","2026-10-01","","test_todos","",""
"получить список всех постов","18","Получить список всех постов","tests","2026-10-01","passed","2026-10-01","","test_posts","",""
"получить список всех задач пользователя","89","Получить список задач пользователя","tests","2026-10-01","passed","2026-10-01","","test_todos","",""
"получить пост по его ID","90","Получить пост по айди","tests","2026-10-01","passed","2026-10-01","","test_posts","",""
"удалить пост","89","Удалить пост","tests","2026-10-01","passed","2026-10-01","","test_posts","",""
"получить пост по его ID","93","Получить пост по айди","tests","2026-10-01","passed","2026-10-01","","test_posts","",""
"получить список всех фотографий альбома","89","получить список всех фотографий альбома","tests","2026-10-01","passed","2026-10-01","","test_albums","",""
"частично обновить пост","91","Частично обновить пост","tests","2026-10-01","passed","2026-10-01","","test_posts","",""
"получить список всех постов пользователя","87","Получить список всех постов пользователя","tests","2026-10-01","passed","2026-10-01","","test_posts","",""
"получить несуществующую задачу","93","Получить несуществующую задачу","tests","2026-10-01","passed","2026-10-01","","test_negative","",""
"получить список всех альбомов","89","Получить список альбомов","tests","2026-10-01","passed","2026-10-01","","test_albums","",""
"получить список всех альбомов пользователя","95","Получчить список всех альбомов пользователя","tests","2026-10-01","passed","2026-10-01","","test_albums","",""
"получить задачу по ее ID","95","Получить задачу по айди","tests","2026-10-01","passed","2026-10-01","","test_todos","",""
"полностью обновить пост","243","Обновить пост","tests","2026-10-01","passed","2026-10-01","","test_posts","",""
"получить список всех задач пользователя","98","Получить список задач пользователя","tests","2026-10-01","passed","2026-10-01","","test_todos","",""
"полностью обновить пост","234","Обновить пост","tests","2026-10-01","passed","2026-10-01","","test_posts","",""
"удалить пост","90","Удалить пост","tests","2026-10-01","passed","2026-10-01","","test_posts","",""
"получить список всех фотографий альбома","89","получить список всех фотографий альбома","tests","2026-10-01","passed","2026-10-01","","test_albums","",""
"получить список всех задач пользователя","95","Получить список задач пользователя","tests","2026-10-01","passed","2026-10-01","","test_todos","",""
"полностью обновить пост","238","Обновить пост","tests","2026-10-01","passed","2026-10-01","","test_posts","",""
"получить список всех альбомов пользователя","105","Получчить список всех альбомов пользователя","tests","2026-10-01","passed","2026-10-01","","test_albums","",""
"удалить пост","90","Удалить пост","tests","2026-10-01","passed","2026-10-01","","test_posts","",""
"получить задачу по ее ID","99","Получить задачу по айди","tests","2026-10-01","passed","2026-10-01","","test_todos","",""
"частично обновить пост","90","Частично обновить пост","tests","2026-10-01","passed","2026-10-01","","test_posts","",""
"получить список всех альбомов пользователя","94","Получчить список всех альбомов пользователя","tests","2026-10-01","passed","2026-10-01","","test_albums","",""
"полностью обновить пост","240","Обновить пост","tests","2026-10-01","passed","2026-10-01","","test_posts","",""
"получить список всех задач пользователя","98","Получить список задач пользователя","tests","2026-10-01","passed","2026-10-01","","test_todos","",""
"частично обновить пост","95","Частично обновить пост","tests","2026-10-01","passed","2026-10-01","","test_posts","",""
"получить список всех альбомов пользователя","93","Получчить список всех альбомов пользователя","tests","2026-10-01","passed","2026-10-01","","test_albums","",""
"получить пользователя по ID","16","Получить пользователя по ID","tests","2026-10-01","passed","2026-10-01","","test_users","",""
"получить задачу по ее ID","93","Получить задачу по айди","tests","2026-10-01","passed","2026-10-01","","test_todos","",""
"получить список всех постов пользователя","102","Получить список всех постов пользователя","tests","2026-10-01","passed","2026-10-01","","test_posts","",""
"получить альбом по его ID","113","Получить альбом по айди","tests","2026-10-01","passed","2026-10-01","","test_albums","",""
"получить список всех задач пользователя","102","Получить список задач пользователя","tests","2026-10-01","passed","2026-10-01","","test_todos","",""
"частично обновить пост","90","Частично обновить пост","tests","2026-10-01","passed","2026-10-01","","test_posts","",""
"получить фотографию по ID","113","Получить фотографию по айди","tests","2026-10-01","passed","2026-10-01","","test_photos","",""
"получить пользователя по ID","17","Получить пользователя по ID","tests","2026-10-01","passed","2026-10-01","","test_users","",""
"получить комментарии для поста","17","Получить комментарии для поста","tests","2026-10-01","passed","2026-10-01","","test_comments","",""
"получить список всех постов пользователя","85","Получить список всех постов пользователя","tests","2026-10-01","passed","2026-10-01","","test_posts","",""
"получить список всех задач пользователя","97","Получить список задач пользователя","tests","2026-10-01","passed","2026-10-01","","test_todos","",""
"получить пользователя по ID","16","Получить пользователя по ID","tests","2026-10-01","passed","2026-10-01","","test_users","",""
"получить комментарии для поста","99","Получить комментарии для поста","tests","2026-10-01","passed","2026-10-01","","test_comments","",""
"получить фотографию по ID","107","Получить фотографию по айди","tests","2026-10-01","passed","2026-10-01","","test_photos","",""
"полностью обновить пост","230","Обновить пост","tests","2026-10-01","passed","2026-10-01","","test_posts","",""
"создать пост без данных","91","Создать пост без данных","tests","2026-10-01","passed","2026-10-01","","test_negative","",""
"получить комментарии для поста","95","Получить комментарии для поста","tests","2026-10-01","passed","2026-10-01","","test_comments","",""
"получить список всех альбомов пользователя","90","Получчить список всех альбомов пользователя","tests","2026-10-01","passed","2026-10-01","","test_albums","",""
"получить список всех задач пользователя","89","Получить список задач пользователя","tests","2026-10-01","passed","2026-10-01","","test_todos","",""
"получить список всех задач пользователя","102","Получить список задач пользователя","tests","2026-10-01","passed","2026-10-01","","test_todos","",""
"получить несуществующий эндпоинт","103","Получить несуществующий эндпоинт","tests","2026-10-01","passed","2026-10-01","","test_negative","",""
"получить фотографию по ID","101","Получить фотографию по айди","tests","2026-10-01","passed","2026-10-01","","test_photos","",""
"получить список всех постов пользователя","89","Получить список всех постов пользователя","tests","2026-10-01","passed","2026-10-01","","test_posts","",""
"получить пост с строковым ID","107","Получить пост с строковым ID","tests","2026-10-01","passed","2026-10-01","","test_negative","",""
"получить список всех постов пользователя","21","Получить список всех постов пользователя","tests","2026-10-01","passed","2026-10-01","","test_posts","",""
"получить альбом по его ID","99","Получить альбом по айди","tests","2026-10-01","passed","2026-10-01","","test_albums","",""
"получить задачу по ее ID","100","Получить задачу по айди","tests","2026-10-01","passed","2026-10-01","","test_todos","",""
"удалить пост","93","Удалить пост","tests","2026-10-01","passed","2026-10-01","","test_posts","",""
"получить пост по его ID","96","Получить пост по айди","tests","2026-10-01","passed","2026-10-01","","test_posts","",""
"получить список всех постов пользователя","102","Получить список всех постов пользователя","tests","2026-10-01","passed","2026-10-01","","test_posts","",""
"получить список всех комментариев","56","Получить список комментариев","tests","2026-10-01","passed","2026-10-01","","test_comments","",""
"получить список всех фотографий альбома","85","получить список всех фотографий альбома","tests","2026-10-01","passed","2026-10-01","","test_albums","",""
"полностью обновить пост","244","Обновить пост","tests","2026-10-01","passed","2026-10-01","","test_posts","",""
"получить пользователя по ID","16","Получить пользователя по ID","tests","2026-10-01","passed","2026-10-01","","test_users","",""
"получить список всех постов пользователя","22","Получить список всех постов пользователя","tests","2026-10-01","passed","2026-10-01","","test_posts","",""
"получить пользователя по ID","15","Получить пользователя по ID","tests","2026-10-01","passed","2026-10-01","","test_users","",""
"получить комментарии для поста","97","Получить комментарии для поста","tests","2026-10-01","passed","2026-10-01","","test_comments","",""
"получить комментарии для поста","95","Получить комментарии для поста","tests","2026-10-01","passed","2026-10-01","","test_comments","",""
"получить несуществующий пост","90","Получить несуществующий пост","tests","2026-10-01","passed","2026-10-01","","test_negative","",""
"создать пост с невалидными данными","94","Создать пост с невалидными данными","tests","2026-10-01","passed","2026-10-01","","test_negative","",""
"получить альбом по его ID","91","Получить альбом по айди","tests","2026-10-01","passed","2026-10-01","","test_albums","",""
"создать пост","93","Создать новый пост","tests","2026-10-01","passed","2026-10-01","","test_posts","",""
"получить список всех задач пользователя","99","Получить список задач пользователя","tests","2026-10-01","passed","2026-10-01","","test_todos","",""
"частично обновить пост","91","Частично обновить пост","tests","2026-10-01","passed","2026-10-01","","test_posts","",""
"получить список всех задач пользователя","93","Получить список задач пользователя","tests","2026-10-01","passed","2026-10-01","","test_todos","",""
"получить пользователя по ID","21","Получить пользователя по ID","tests","2026-10-01","passed","2026-10-01","","test_users","",""
"частично обновить пост","94","Частично обновить пост","tests","2026-10-01","passed","2026-10-01","","test_posts","",""
"получить фотографию по ID","115","Получить фотографию по айди","tests","2026-10-01","passed","2026-10-01","","test_photos","",""
"получить список всех фотографий","470","Получить список фотографий","tests","2026-10-01","passed","2026-10-01","","test_photos","",""
"получить альбом по его ID","95","Получить альбом по айди","tests","2026-10-01","passed","2026-10-01","","test_albums","",""
"получить список всех фотографий альбома","100","получить список всех фотографий альбома","tests","2026-10-01","passed","2026-10-01","","test_albums","",""
"получить список всех альбомов пользователя","97","Получчить список всех альбомов пользователя","tests","2026-10-01","passed","2026-10-01","","test_albums","",""
"получить фотографию по ID","110","Получить фотографию по айди","tests","2026-10-01","passed","2026-10-01","","test_photos","",""
"получить список всех задач","25","Получить список задач","tests","2026-10-01","passed","2026-10-01","","test_todos","",""
"получить список всех фотографий альбома","85","получить список всех фотографий альбома","tests","2026-10-01","passed","2026-10-01","","test_albums","",""
"получить задачу по ее ID","92","Получить задачу по айди","tests","2026-10-01","passed","2026-10-01","","test_todos","",""
"удалить пост","91","Удалить пост","tests","2026-10-01","passed","2026-10-01","","test_posts","",""
"получить фотографию по ID","106","Получить фотографию по айди","tests","2026-10-01","passed","2026-10-01","","test_photos","",""
"получить комментарии для поста","90","Получить комментарии для поста","tests","2026-10-01","passed","2026-10-01","","test_comments","",""
"получить список всех постов пользователя","18","Получить список всех постов пользователя","tests","2026-10-01","passed","2026-10-01","","test_posts","",""
"получить комментарии для поста","93","Получить комментарии для поста","tests","2026-10-01","passed","2026-10-01","","test_comments","",""
"полностью обновить пост","237","Обновить пост","tests","2026-10-01","passed","2026-10-01","","test_posts","",""
"получить список всех фотографий альбома","89","получить список всех фотографий альбома","tests","2026-10-01","passed","2026-10-01","","test_albums","",""
"получить список всех постов пользователя","96","Получить список всех постов пользователя","tests","2026-10-01","passed","2026-10-01","","test_posts","",""
"полностью обновить пост","233","Обновить пост","tests","2026-10-01","passed","2026-10-01","","test_posts","",""
"получить пост по его ID","20","Получить пост по айди","tests","2026-10-01","passed","2026-10-01","","test_posts","",""
"получить альбом по его ID","90","Получить альбом по айди","tests","2026-10-01","passed","2026-10-01","","test_albums","",""
"полностью обновить пост","239","Обновить пост","tests","2026-10-01","passed","2026-10-01","","test_posts","",""
